State01,St1,1,1000
State02,St2,2,2000
State03,St3,3,3000
State04,St4,4,4000
State05,St5,5,5000
State06,St6,6,6000
State07,St7,7,7000
State08,St8,8,8000
State09,St9,9,9000
State10,St10,10,10000
State11,St11,11,11000
State12,St12,12,12000
State13,St13,13,13000
State14,St14,14,14000
State15,St15,15,15000
State16,St16,16,16000
State17,St17,17,17000
State18,St18,18,18000
State19,St19,19,19000
State20,St20,20,20000
State21,St21,21,21000
State22,St22,22,22000
State23,St23,23,23000
State24,St24,24,24000
State25,St25,25,25000
State26,St26,26,26000
State27,St27,27,27000
State28,St28,28,28000
State29,St29,29,29000
State30,St30,30,30000
State31,St31,31,31000
State32,St32,32,32000
State33,St33,33,33000
State34,St34,34,34000


